Fold,AUC,PCC
1,0.8926183137558211,0.7845205988189043
2,0.888075363332471,0.7712089802157996
3,0.8927299804839839,0.7825023709993864
4,0.8957886166527581,0.784691829096638
5,0.8935916558408141,0.778363613724283
