train_mse_errors,val_mse_errors,train_mae_errors,val_mae_errors,train_corrs,train_corr_pvals,validation_corr,validation_corr_pval
1.492892837695766,3.564002009361505,9.53153631602619,14.436611760426201,88.44578120186576,0.0,70.8214643026966,0.0
1.6521685717513805,3.4963246808557473,9.987584749852171,14.269577645456838,87.08415115619451,0.0,71.24614301189277,0.0
1.4972238676654186,3.5926344628159184,9.570969502519178,14.518310839560911,88.5122941933656,0.0,69.95741753409463,0.0
1.5653564680352907,3.4684040677538315,9.767751125301807,14.309138555744399,87.77879219575847,0.0,71.19134749300375,0.0
1.6073455384892035,3.523592394229375,9.855145647503733,14.438759770694007,87.53212338248353,0.0,71.28549359355021,0.0
