train_mse_errors,val_mse_errors,train_mae_errors,val_mae_errors,train_corrs,train_corr_pvals,validation_corr,validation_corr_pval
3.0785510872586115,3.6495585407074587,13.724608211255587,14.894945764405717,74.74254224911066,0.0,68.86292274761445,0.0
3.035558429792141,3.6039025087649037,13.615965646389524,14.80595676225265,74.58402147108053,0.0,68.77609900724696,0.0
3.16676217499204,3.666514233307814,13.943443388122295,15.000521201082023,73.37754525368594,0.0,67.9893745955167,0.0
2.916480562393123,3.5815051835335154,13.340626383175112,14.701013647925725,75.6787091990363,0.0,69.25534781372141,0.0
3.156471904545996,3.6693204910133344,13.874731441855321,15.051753713331802,73.21455090502735,0.0,68.5665455290751,0.0
