train_mse_errors,val_mse_errors,train_mae_errors,val_mae_errors,train_corrs,train_corr_pvals,validation_corr,validation_corr_pval
1.530350716968405,3.337196967088289,9.696722925766629,13.968126540375913,88.41389553386134,0.0,72.85720620973456,0.0
1.470061901319889,3.384355318510706,9.448448840757774,13.982912651643007,88.88332467839774,0.0,72.08287409112324,0.0
1.6231760722178905,3.2287727763693277,9.890614296077594,13.680313186582529,87.42259511581906,0.0,73.35219289821565,0.0
1.4449090565336822,3.457070017400869,9.327450468964777,14.071961743423522,88.78748255236285,0.0,72.08485653578063,0.0
1.535293126437708,3.3210559851153807,9.562041904912851,13.811319773989522,88.04010690483784,0.0,73.4125907483214,0.0
