train_mse_errors,val_mse_errors,train_mae_errors,val_mae_errors,train_corrs,train_corr_pvals,validation_corr,validation_corr_pval
2.8580105987445124,3.660136954560285,13.329570835206676,14.984181822104608,78.68831352375409,0.0,71.13650234757993,0.0
2.553802106431471,3.4432795135447343,12.516228509941554,14.393412865411293,79.92203571145849,0.0,70.9920236693167,0.0
2.6501810915226187,3.4426583125602708,12.76620095403516,14.481078243732156,79.3578970570782,0.0,71.64036501225429,0.0
2.4924164432021407,3.4033502019068544,12.290609892010057,14.260723978164421,79.65064531507576,0.0,71.13484823636408,0.0
2.708033662213323,3.4180023744221852,12.850607198414622,14.396621955503742,77.6390490906464,0.0,71.0321674434105,0.0
