train_mse_errors,val_mse_errors,train_mae_errors,val_mae_errors,train_corrs,train_corr_pvals,validation_corr,validation_corr_pval
2.5329116296093854,3.3622519525287906,12.323706140164157,14.165955928419574,79.96177168983833,0.0,72.04428935124585,0.0
2.4137970511755116,3.281767265101907,12.079857199023483,13.976823985091356,80.45445881537444,0.0,72.30472631281332,0.0
2.6376678163090044,3.455133241527538,12.643930484897778,14.369076067867242,78.8849155923634,0.0,70.8355667392176,0.0
2.333748723790667,3.3658229766748775,11.964144023288924,14.196827614946455,81.2654260611235,0.0,71.49586013443987,0.0
2.379921693189929,3.345047799881921,12.000913222612915,14.114811534909698,80.68283006711543,0.0,72.3074234303387,0.0
