train_mse_errors,val_mse_errors,train_mae_errors,val_mae_errors,train_corrs,train_corr_pvals,validation_corr,validation_corr_pval
3.087790375373469,3.5260208630378904,13.767909671646875,14.716432120778029,75.65802682970295,0.0,71.17122952119304,0.0
2.974126333163982,3.418310410988253,13.484058185012435,14.424711945949632,75.29975096989973,0.0,70.70010058486606,0.0
2.8701894028779775,3.3600119137635116,13.22243814124816,14.274654037220985,76.25582723415309,0.0,71.22081555025089,0.0
2.870906764265038,3.3828248954560984,13.223427041358333,14.306505566296716,76.17182257655361,0.0,71.03925815883241,0.0
2.9014219576556224,3.4572491970066532,13.254833135633003,14.431775775240224,75.95078368933872,0.0,71.02777744522545,0.0
