train_mse_errors,val_mse_errors,train_mae_errors,val_mae_errors,train_corrs,train_corr_pvals,validation_corr,validation_corr_pval
2.349787645146609,3.234690639524254,11.884966205677037,13.845280967129561,82.26921956451201,0.0,74.53438943153353,0.0
2.3359938349610867,3.0788967049781046,11.94211495927492,13.58024850609235,81.62282753842193,0.0,74.64643335743737,0.0
2.3223905979281487,3.1839486900363743,11.722209832600955,13.645123089568997,81.79783031956367,0.0,73.99420657585513,0.0
2.361401911051968,3.0714366662947765,11.89676707459828,13.49679474704045,80.94536434164714,0.0,74.47202272267256,0.0
2.222836775585406,3.0416177296968185,11.638013421298412,13.527826791994906,82.3160545258864,0.0,74.82829930412127,0.0
