train_mse_errors,val_mse_errors,train_mae_errors,val_mae_errors,train_corrs,train_corr_pvals,validation_corr,validation_corr_pval
2.5371572125868393,3.118613016762129,12.371341983727326,13.68023999934529,79.26547205789089,0.0,73.75720105867242,0.0
2.6244929844230156,3.2091801667086797,12.665358572676741,13.873170341981409,78.69678191713555,0.0,72.87697289633553,0.0
2.5327886253785548,3.228063869117542,12.41799373667409,13.956271326158404,79.7809709771951,0.0,73.4007931661018,0.0
2.74016582902469,3.262343451574696,12.90361323147117,14.001184016879176,79.06998275692511,0.0,73.81286870277808,0.0
2.5980477878614834,3.2882182595576035,12.500315004261683,14.000724046137798,78.88014183812197,0.0,73.00916227458674,0.0
