train_mse_errors,val_mse_errors,train_mae_errors,val_mae_errors,train_corrs,train_corr_pvals,validation_corr,validation_corr_pval
2.8800718142580726,3.2735663435983797,13.294899043151265,14.126130699342415,76.20413882690804,0.0,72.40835726782277,0.0
2.6682232094166576,3.1220558415760666,12.806751855113873,13.700527267581686,78.07364378363701,0.0,73.45887526602122,0.0
2.6676490272829407,3.142272184183873,12.723268500345252,13.770522090748468,78.05939189132022,0.0,73.35029423697547,0.0
2.7704928084064475,3.1994251780861993,13.038344129463797,13.924483832786821,77.14145928216051,0.0,72.97931129165377,0.0
2.9662177526327977,3.360072486929015,13.47492665993654,14.33010751608769,75.07954435680307,0.0,71.5902378325235,0.0
