train_mse_errors,val_mse_errors,train_mae_errors,val_mae_errors,train_corrs,train_corr_pvals,validation_corr,validation_corr_pval
3.1096565755680374,3.371452443645331,13.872874984259795,14.42110705473183,73.83952846362763,0.0,71.06255455944383,0.0
3.130327530570535,3.420323277853083,13.83793330524637,14.396550109989107,73.81199350217481,0.0,70.68930334539448,0.0
2.959223383501949,3.370303434156077,13.458409765595263,14.333289386878414,75.55804842272232,0.0,71.21618238666305,0.0
3.41780858923372,3.669974059491337,14.63533048033773,15.144930204163046,72.25265892616267,0.0,69.6879823268596,0.0
3.218991908500015,3.576179310025344,14.177829496570272,14.9274244933644,73.55992207805609,0.0,70.31110210649094,0.0
